label,code,uri,category
Guatemala,[],http://viaf.org/viaf/133607895,LAE Subjects
Agricultural Research Institute,[],http://id.loc.gov/authorities/names/nr91024508,Agrarian and rural issues
Agricultural development projects,,http://id.loc.gov/authorities/subjects/sh85002306,Agrarian and rural issues
Agricultural exhibitions,,http://id.loc.gov/authorities/subjects/sh85002317,Agrarian and rural issues
Agricultural industries,,http://id.loc.gov/authorities/subjects/sh85002331,Agrarian and rural issues
Agricultural laws and legislation,,http://id.loc.gov/authorities/subjects/sh85002349,Agrarian and rural issues
Agricultural technology,,https://figgy.princeton.edu/ns/lAESubjects/agrarianAndRuralIssues/agriculturalTechnology,Agrarian and rural issues
Agriculture,,http://id.loc.gov/authorities/subjects/sh85002415,Agrarian and rural issues
Agriculture and politics,,http://id.loc.gov/authorities/subjects/sh85002483,Agrarian and rural issues
Agriculture and state,,http://id.loc.gov/authorities/subjects/sh85002484,Agrarian and rural issues
"Agriculture, Cooperative",[],http://id.loc.gov/authorities/subjects/sh85002472,Agrarian and rural issues
Agriculture--Economic aspects,,http://id.loc.gov/authorities/subjects/sh85002427,Agrarian and rural issues
"Agriculture--Handbooks, manuals, etc.",,"https://figgy.princeton.edu/ns/lAESubjects/agrarianAndRuralIssues/agriculture--Handbooks,Manuals,Etc.",Agrarian and rural issues
Agriculture--International cooperation,,http://id.loc.gov/authorities/subjects/sh85002440,Agrarian and rural issues
Animal rights,,http://id.loc.gov/authorities/subjects/sh89005495,Agrarian and rural issues
Banana trade,[],http://id.loc.gov/authorities/subjects/sh85011459,Agrarian and rural issues
Cattle trade,,http://id.loc.gov/authorities/subjects/sh85021415,Agrarian and rural issues
Coffee industry,[],http://id.loc.gov/authorities/subjects/sh85027724,Agrarian and rural issues
Collectivization of agriculture,[],http://id.loc.gov/authorities/subjects/sh85028262,Agrarian and rural issues
Famines,[],http://id.loc.gov/authorities/subjects/sh85047075,Agrarian and rural issues
Flowers,,http://id.loc.gov/authorities/subjects/sh85049332,Agrarian and rural issues
Food industry,,https://figgy.princeton.edu/ns/lAESubjects/agrarianAndRuralIssues/foodIndustry,Agrarian and rural issues
Food supply,,http://id.loc.gov/authorities/subjects/sh85050339,Agrarian and rural issues
Genetically modified foods,,http://id.loc.gov/authorities/subjects/sh00006274,Agrarian and rural issues
Land reform,,http://id.loc.gov/authorities/subjects/sh85074300,Agrarian and rural issues
Land tenure,,http://id.loc.gov/authorities/subjects/sh85074312,Agrarian and rural issues
Organic farming,,http://id.loc.gov/authorities/subjects/sh85095504,Agrarian and rural issues
Rural and village development,,http://id.loc.gov/authorities/subjects/sh85115899,Agrarian and rural issues
Rural conditions,,http://id.loc.gov/authorities/subjects/sh85115895,Agrarian and rural issues
Rural development projects,,http://id.loc.gov/authorities/subjects/sh85115909,Agrarian and rural issues
Sustainable agriculture,,http://id.loc.gov/authorities/subjects/sh87004216,Agrarian and rural issues
Traditional farming,,http://id.loc.gov/authorities/subjects/sh85002480,Agrarian and rural issues
Transgenic plants,,http://id.loc.gov/authorities/subjects/sh90003137,Agrarian and rural issues
Architecture,,http://id.loc.gov/authorities/subjects/sh85006611,Arts and culture
Art fairs,,http://id.loc.gov/authorities/subjects/sh2007000206,Arts and culture
Art--Study and teaching,,http://id.loc.gov/authorities/subjects/sh85007505,Arts and culture
Artists,,http://id.loc.gov/authorities/subjects/sh85008276,Arts and culture
Arts,,http://id.loc.gov/authorities/subjects/sh85008324,Arts and culture
Arts--Political aspects,,http://id.loc.gov/authorities/subjects/sh2009113916,Arts and culture
Books and reading,,http://id.loc.gov/authorities/subjects/sh85015758,Arts and culture
Caricatures and cartoons,[],http://id.loc.gov/authorities/subjects/sh85020312,Arts and culture
Celebrities,,http://id.loc.gov/authorities/subjects/sh85021618,Arts and culture
Culture,,http://id.loc.gov/authorities/subjects/sh85034755,Arts and culture
Documentary films,,http://id.loc.gov/authorities/subjects/sh85088115,Arts and culture
Ethnic art,,http://id.loc.gov/authorities/subjects/sh85045163,Arts and culture
Festivals,,http://id.loc.gov/authorities/subjects/sh85047932,Arts and culture
Folk art,,http://id.loc.gov/authorities/subjects/sh85049650,Arts and culture
Folklore,[],https://id.loc.gov/authorities/subjects/sh85050104.html,Arts and culture
Gastronomy,,http://id.loc.gov/authorities/subjects/sh85053492,Arts and culture
Holidays,[],http://id.loc.gov/authorities/subjects/sh85061453,Arts and culture
Indigenous art,,http://id.loc.gov/authorities/subjects/sh2006008419,Arts and culture
Intellectuals,,http://id.loc.gov/authorities/subjects/sh85067169,Arts and culture
Language and languages,,http://id.loc.gov/authorities/subjects/sh85074518,Arts and culture
Libraries,,http://id.loc.gov/authorities/subjects/sh85076502,Arts and culture
Literature,,http://id.loc.gov/authorities/subjects/sh85077507,Arts and culture
Mass media,,http://id.loc.gov/authorities/subjects/sh85081863,Arts and culture
Motion pictures,,http://id.loc.gov/authorities/subjects/sh85088084,Arts and culture
Museum exhibits,,http://id.loc.gov/authorities/subjects/sh96009328,Arts and culture
Museums,,http://id.loc.gov/authorities/subjects/sh85088723,Arts and culture
Music,,http://id.loc.gov/authorities/subjects/sh85088762,Arts and culture
Performing arts,,http://id.loc.gov/authorities/subjects/sh85099818,Arts and culture
Photography,[],https://figgy.princeton.edu/ns/lAESubjects/artsAndCulture/photography,Arts and culture
Politics and culture,,http://id.loc.gov/authorities/subjects/sh85104468,Arts and culture
Popular culture,,http://id.loc.gov/authorities/subjects/sh85104904,Arts and culture
Pre-Columbian art,,http://id.loc.gov/authorities/subjects/sh85065027,Arts and culture
Recreation,,http://id.loc.gov/authorities/subjects/sh85111945,Arts and culture
Research institutes,[],https://figgy.princeton.edu/ns/lAESubjects/artsAndCulture/researchInstitutes,Arts and culture
Sports,,http://id.loc.gov/authorities/subjects/sh85126887,Arts and culture
Abandoned children,,http://id.loc.gov/authorities/subjects/sh85000048,Children and youth
Adoption,,http://id.loc.gov/authorities/subjects/sh85000978,Children and youth
Child abuse,,http://id.loc.gov/authorities/subjects/sh85023348,Children and youth
Child care,,http://id.loc.gov/authorities/subjects/sh85023354,Children and youth
Child labor,,http://id.loc.gov/authorities/subjects/sh85023444,Children and youth
Child nutrition,,http://id.loc.gov/authorities/subjects/sh85023463,Children and youth
Child sexual abuse,,http://id.loc.gov/authorities/subjects/sh85023376,Children and youth
Child welfare,,http://id.loc.gov/authorities/subjects/sh85023396,Children and youth
Children,,http://id.loc.gov/authorities/subjects/sh85023418,Children and youth
Children's rights,,http://id.loc.gov/authorities/subjects/sh85023773,Children and youth
Children--Crimes against,,http://id.loc.gov/authorities/subjects/sh95007375,Children and youth
Children--Government policy,,https://figgy.princeton.edu/ns/lAESubjects/childrenAndYouth/children--GovernmentPolicy,Children and youth
Children--Health and hygiene,,http://id.loc.gov/authorities/subjects/sh85023425,Children and youth
"Children--Legal status, laws, etc.",,"https://figgy.princeton.edu/ns/lAESubjects/childrenAndYouth/children--LegalStatus,Laws,Etc.",Children and youth
Gangs,,http://id.loc.gov/authorities/subjects/sh85053026,Children and youth
Juvenile delinquency,,http://id.loc.gov/authorities/subjects/sh85071166,Children and youth
Poor children,,http://id.loc.gov/authorities/subjects/sh85104852,Children and youth
Sex instruction,,http://id.loc.gov/authorities/subjects/sh85120630,Children and youth
Teenagers,,http://id.loc.gov/authorities/subjects/sh87006824,Children and youth
Youth,,http://id.loc.gov/authorities/subjects/sh85149310,Children and youth
Youth and violence,,http://id.loc.gov/authorities/subjects/sh99000309,Children and youth
Youth employment,,https://figgy.princeton.edu/ns/lAESubjects/childrenAndYouth/youthEmployment,Children and youth
Youth--Alcohol use,,http://id.loc.gov/authorities/subjects/sh85149311,Children and youth
Youth--Attitudes,,http://id.loc.gov/authorities/subjects/sh2008114052,Children and youth
Youth--Drug use,,http://id.loc.gov/authorities/subjects/sh85149320,Children and youth
Youth--Health and hygiene,,http://id.loc.gov/authorities/subjects/sh85149328,Children and youth
Youth--Political activity,,http://id.loc.gov/authorities/subjects/sh85149336,Children and youth
Youth--Sexual behavior,,http://id.loc.gov/authorities/subjects/sh85149343,Children and youth
Boycotts,[],http://id.loc.gov/authorities/subjects/sh85016199,Consumer behavior
Advertising,,http://id.loc.gov/authorities/subjects/sh85001086,Economics
Banks and banking,,http://id.loc.gov/authorities/subjects/sh85011609,Economics
Business,,http://id.loc.gov/authorities/subjects/sh85018260,Economics
Capitalism,[],http://id.loc.gov/authorities/subjects/sh85019958,Economics
Commerce,,http://id.loc.gov/authorities/subjects/sh85028901,Economics
Consumer protection,[],http://id.loc.gov/authorities/subjects/sh85031486,Economics
Consumer protection--Economic aspects,[],http://id.loc.gov/authorities/subjects/sh85031486,Economics
Cooperative societies,,http://id.loc.gov/authorities/subjects/sh85032217,Economics
"Debts, External",,http://id.loc.gov/authorities/subjects/sh85036140,Economics
Economic conditions,,http://id.loc.gov/authorities/subjects/sh85040802,Economics
Economic development,,http://id.loc.gov/authorities/subjects/sh85040804,Economics
Economic policy,,http://id.loc.gov/authorities/subjects/sh85040837,Economics
Economic policy--Social aspects,,https://figgy.princeton.edu/ns/lAESubjects/economics/economicPolicy--SocialAspects,Economics
Economics,,http://id.loc.gov/authorities/subjects/sh85040850,Economics
Economics--Political aspects,,https://figgy.princeton.edu/ns/lAESubjects/economics/economics--PoliticalAspects,Economics
Economics--Research,,http://id.loc.gov/authorities/subjects/sh2008102636,Economics
Finance,,http://id.loc.gov/authorities/subjects/sh85048256,Economics
Fiscal policy,,http://id.loc.gov/authorities/subjects/sh85048601,Economics
Fish trade,,http://id.loc.gov/authorities/subjects/sh85048657,Economics
Fisheries,,http://id.loc.gov/authorities/subjects/sh85048666,Economics
Foreign and trade relations,,http://id.loc.gov/authorities/subjects/sh85067395,Economics
Forestry,,http://id.loc.gov/authorities/subjects/sh85050707,Economics
Fraud,[],http://id.loc.gov/authorities/subjects/sh85051619,Economics
Income distribution,,http://id.loc.gov/authorities/subjects/sh85064765,Economics
Industries,,http://id.loc.gov/authorities/subjects/sh85065960,Economics
Informal sector (Economics),,http://id.loc.gov/authorities/subjects/sh85066135,Economics
Infrastructure (Economics),,https://figgy.princeton.edu/ns/lAESubjects/economics/infrastructure(Economics),Economics
International business enterprises,,http://id.loc.gov/authorities/subjects/sh85067372,Economics
"Investments, Foreign",,http://id.loc.gov/authorities/subjects/sh85067736,Economics
Local government --Economic aspects,,https://figgy.princeton.edu/ns/lAESubjects/economics/localGovernment--EconomicAspects,Economics
Macroeconomics,[],https://id.loc.gov/authorities/subjects/sh85079443.html,Economics
Marketing,,http://id.loc.gov/authorities/subjects/sh85081333,Economics
Mass media--Economic aspects,,http://id.loc.gov/authorities/subjects/sh2008107497,Economics
Micro finance,,http://id.loc.gov/authorities/subjects/sh97007705,Economics
Mines and mineral resources,,http://id.loc.gov/authorities/subjects/sh85085614,Economics
Oil industries,,http://id.loc.gov/authorities/subjects/sh85094337,Economics
Trade associations,,http://id.loc.gov/authorities/subjects/sh95006344,Economics
Adult education,,http://id.loc.gov/authorities/subjects/sh85001028,Education
Dropouts,,http://id.loc.gov/authorities/subjects/sh85039629,Education
Early childhood education,[],http://id.loc.gov/authorities/subjects/sh87007854,Education
Education,,http://id.loc.gov/authorities/subjects/sh85040989,Education
Education and state,,http://id.loc.gov/authorities/subjects/sh85041091,Education
"Education, Bilingual",,http://id.loc.gov/authorities/subjects/sh85041053,Education
"Education, Higher",,http://id.loc.gov/authorities/subjects/sh85041065,Education
"Education, Primary",,http://id.loc.gov/authorities/subjects/sh85041077,Education
"Education, Rural",,http://id.loc.gov/authorities/subjects/sh85041081,Education
"Education, Secondary",,http://id.loc.gov/authorities/subjects/sh85041082,Education
Education--Political aspects,,http://id.loc.gov/authorities/subjects/sh85104469,Education
Education--Study and teaching,,http://id.loc.gov/authorities/subjects/sh85041021,Education
Educational law and legislation,,http://id.loc.gov/authorities/subjects/sh85041128,Education
Educational system,,https://figgy.princeton.edu/ns/lAESubjects/education/educationalSystem,Education
Literacy,,http://id.loc.gov/authorities/subjects/sh85077482,Education
Minorities--Education,,http://id.loc.gov/authorities/subjects/sh85085794,Education
Multicultural education,,http://id.loc.gov/authorities/subjects/sh85067223,Education
Non formal education,,http://id.loc.gov/authorities/subjects/sh85092222,Education
Poor--Education,,https://figgy.princeton.edu/ns/lAESubjects/education/poor--Education,Education
Popular education,,http://id.loc.gov/authorities/subjects/sh91005791,Education
Schools,,http://id.loc.gov/authorities/subjects/sh85118451,Education
Science education,,http://id.loc.gov/authorities/subjects/sh85118587,Education
Student unions,,http://id.loc.gov/authorities/subjects/sh85129292,Education
Teachers' unions,,http://id.loc.gov/authorities/subjects/sh85133046,Education
Teaching--Aids and devices,,http://id.loc.gov/authorities/subjects/sh85133053,Education
Universities and colleges,,http://id.loc.gov/authorities/subjects/sh85141086,Education
Universities and students,,https://figgy.princeton.edu/ns/lAESubjects/education/universitiesAndStudents,Education
Vocational education,,http://id.loc.gov/authorities/subjects/sh85144178,Education
Animal culture,[],https://id.loc.gov/authorities/subjects/sh85005169.html,Environment and ecology
Biodiversity,,http://id.loc.gov/authorities/subjects/sh87005569,Environment and ecology
Climate change,,http://id.loc.gov/authorities/names/n96900901,Environment and ecology
Community development--Environmental aspects,,https://figgy.princeton.edu/ns/lAESubjects/environmentAndEcology/communityDevelopment--EnvironmentalAspects,Environment and ecology
Conservation of natural resources,,http://id.loc.gov/authorities/subjects/sh85031255,Environment and ecology
Ecology,,http://id.loc.gov/authorities/subjects/sh85040752,Environment and ecology
Ecotourism,,http://id.loc.gov/authorities/subjects/sh92003403,Environment and ecology
Energy conservation,,http://id.loc.gov/authorities/subjects/sh85043124,Environment and ecology
Energy policy,,http://id.loc.gov/authorities/subjects/sh85043147,Environment and ecology
Environment,,http://id.loc.gov/authorities/subjects/sh85000800,Environment and ecology
Environmental education,,http://id.loc.gov/authorities/subjects/sh85044169,Environment and ecology
Environmental health,,http://id.loc.gov/authorities/subjects/sh85044173,Environment and ecology
Environmental law,,http://id.loc.gov/authorities/subjects/sh85044184,Environment and ecology
Environmental policy,,http://id.loc.gov/authorities/subjects/sh85044197,Environment and ecology
Environmental protection,,http://id.loc.gov/authorities/subjects/sh85044203,Environment and ecology
Environmentalism,,http://id.loc.gov/authorities/subjects/sh93004752,Environment and ecology
Fish trade--Environmental aspects,[],https://figgy.princeton.edu/ns/lAESubjects/environmentAndEcology/fishTrade--EnvironmentalAspects,Environment and ecology
Forests and forestry,,http://id.loc.gov/authorities/subjects/sh85050707,Environment and ecology
Green technology,,http://id.loc.gov/authorities/subjects/sh94001791,Environment and ecology
Marine resources,,http://id.loc.gov/authorities/subjects/sh85081257,Environment and ecology
Mineral industries--Environmental aspects,[],http://id.loc.gov/authorities/subjects/sh85085556,Environment and ecology
National parks and reserves,,http://id.loc.gov/authorities/subjects/sh85090045,Environment and ecology
Natural disasters,,http://id.loc.gov/authorities/subjects/sh85090214,Environment and ecology
Natural gas,,http://id.loc.gov/authorities/subjects/sh85053223,Environment and ecology
Natural resources,,http://id.loc.gov/authorities/subjects/sh85090254,Environment and ecology
Nature conservation,,http://id.loc.gov/authorities/subjects/sh85090284,Environment and ecology
Petroleum industry and trade,,http://id.loc.gov/authorities/subjects/sh85100430,Environment and ecology
Pollution,,http://id.loc.gov/authorities/subjects/sh85104530,Environment and ecology
Power resources--Environmental aspects,,http://id.loc.gov/authorities/subjects/sh2008109911,Environment and ecology
Rain forests,,http://id.loc.gov/authorities/subjects/sh85111193,Environment and ecology
"Recycling (Waste, etc.); Waste disposal",,"https://figgy.princeton.edu/ns/lAESubjects/environmentAndEcology/recycling(Waste,Etc.);WasteDisposal",Environment and ecology
Renewable energy resources,,http://id.loc.gov/authorities/subjects/sh85112837,Environment and ecology
Sustainable development,,http://id.loc.gov/authorities/subjects/sh92005743,Environment and ecology
Urban policy--Environmental aspects,,https://figgy.princeton.edu/ns/lAESubjects/environmentAndEcology/urbanPolicy--EnvironmentalAspects,Environment and ecology
Waste disposal,,http://id.loc.gov/authorities/subjects/sh85145407,Environment and ecology
Water resources,,http://id.loc.gov/authorities/subjects/sh85145648,Environment and ecology
Water use,,http://id.loc.gov/authorities/subjects/sh85145666,Environment and ecology
Wildlife conservation,,http://id.loc.gov/authorities/subjects/sh85146731,Environment and ecology
Beauty contests,,http://id.loc.gov/authorities/subjects/sh85012724,Gender
Domestic violence,,http://id.loc.gov/authorities/subjects/sh85047071,Gender
Family,,http://id.loc.gov/authorities/subjects/sh00005743,Gender
Family violence,,http://id.loc.gov/authorities/subjects/sh85047071,Gender
Feminism,,http://id.loc.gov/authorities/subjects/sh85047741,Gender
Gay couples,,http://id.loc.gov/authorities/subjects/sh85061777,Gender
Gay culture,,http://id.loc.gov/authorities/subjects/sh2004003369,Gender
Gay rights,,http://id.loc.gov/authorities/subjects/sh94009215,Gender
Gays,,http://id.loc.gov/authorities/subjects/sh85061795,Gender
"Gays--Legal status, laws, etc.",,"https://figgy.princeton.edu/ns/lAESubjects/gender/gays--LegalStatus,Laws,Etc.",Gender
Gender,,http://id.loc.gov/authorities/subjects/sh00002547,Gender
HIV-positive women,,http://id.loc.gov/authorities/subjects/sh95003227,Gender
Homosexuality--Government policy,,https://figgy.princeton.edu/ns/lAESubjects/gender/homosexuality--GovernmentPolicy,Gender
Indigenous women,,http://id.loc.gov/authorities/subjects/sh00007362,Gender
Lesbian culture,,http://id.loc.gov/authorities/subjects/sh2004003370,Gender
Lesbians,,http://id.loc.gov/authorities/subjects/sh85076160,Gender
Masculinity,,http://id.loc.gov/authorities/subjects/sh85081797,Gender
Men,,http://id.loc.gov/authorities/subjects/sh85083510,Gender
Men--Sexual behavior,,http://id.loc.gov/authorities/subjects/sh85083520,Gender
Prostitution,,http://id.loc.gov/authorities/subjects/sh85107626,Gender
Reproductive health,,http://id.loc.gov/authorities/subjects/sh98006709,Gender
Reproductive rights,,http://id.loc.gov/authorities/subjects/sh2008005212,Gender
Same-sex marriage,,http://id.loc.gov/authorities/subjects/sh92003901,Gender
Sex,,http://id.loc.gov/authorities/subjects/sh85120549,Gender
Sex discrimination,,http://id.loc.gov/authorities/subjects/sh85120591,Gender
Sex discrimination against women,,http://id.loc.gov/authorities/subjects/sh85120595,Gender
Sexual abuse victims,,http://id.loc.gov/authorities/subjects/sh92002829,Gender
Sexual health,,http://id.loc.gov/authorities/subjects/sh85063528,Gender
Sexual minorities,,https://figgy.princeton.edu/ns/lAESubjects/gender/sexualMinorities,Gender
Transgender people,,http://id.loc.gov/authorities/subjects/sh2007003708,Gender
Women,,http://id.loc.gov/authorities/subjects/sh85147274,Gender
Women household employees,,http://id.loc.gov/authorities/subjects/sh85147520,Gender
Women in art,,http://id.loc.gov/authorities/subjects/sh85147554,Gender
Women in development,[],https://id.loc.gov/authorities/subjects/sh86000607.html,Gender
Women--Crimes against,,http://id.loc.gov/authorities/subjects/sh85147284,Gender
Women--Education,,http://id.loc.gov/authorities/subjects/sh85147291,Gender
Women--Employment,,http://id.loc.gov/authorities/subjects/sh85147294,Gender
Women--Government policy,,https://figgy.princeton.edu/ns/lAESubjects/gender/women--GovernmentPolicy,Gender
Women--Health and hygiene,,http://id.loc.gov/authorities/subjects/sh85147301,Gender
Women--Identity,,http://id.loc.gov/authorities/subjects/sh95001570,Gender
"Women--Legal status, laws, etc.",,"https://figgy.princeton.edu/ns/lAESubjects/gender/women--LegalStatus,Laws,Etc.",Gender
Women--Political activity,,http://id.loc.gov/authorities/subjects/sh85147597,Gender
Women--Sexual behavior,,http://id.loc.gov/authorities/subjects/sh85147339,Gender
AIDS (Disease),,http://id.loc.gov/authorities/subjects/sh85002541,Health
Abortion,,http://id.loc.gov/authorities/subjects/sh85000196,Health
Alternative medicine,,http://id.loc.gov/authorities/subjects/sh85134721,Health
Birth control,,http://id.loc.gov/authorities/subjects/sh85014367,Health
Contraception,,http://id.loc.gov/authorities/subjects/sh85031589,Health
Discrimination in medical care,,http://id.loc.gov/authorities/subjects/sh85038396,Health
Diseases,,http://id.loc.gov/authorities/subjects/sh85038411,Health
Drug policy,,http://id.loc.gov/authorities/subjects/sh85089820,Health
Drugs--Therapeutic use,,https://figgy.princeton.edu/ns/lAESubjects/health/drugs--TherapeuticUse,Health
Family planning,,http://id.loc.gov/authorities/subjects/sh2009005770,Health
HIV infections,,http://id.loc.gov/authorities/subjects/sh91004036,Health
Health,,http://id.loc.gov/authorities/subjects/sh85059518,Health
Health education,,http://id.loc.gov/authorities/subjects/sh85059537,Health
Health facilities,,http://id.loc.gov/authorities/subjects/sh85059543,Health
Health policy,,http://id.loc.gov/authorities/subjects/sh85083002,Health
Health services accessibility,,http://id.loc.gov/authorities/subjects/sh92006496,Health
Health--Environmental aspects,,http://id.loc.gov/authorities/subjects/sh85044173,Health
Immunization,,http://id.loc.gov/authorities/subjects/sh85064545,Health
Industrial accidents,[],https://id.loc.gov/authorities/subjects/sh85065821.html,Health
Medical care,,http://id.loc.gov/authorities/subjects/sh85082871,Health
Mental health,,http://id.loc.gov/authorities/subjects/sh85083615,Health
Nutrition,,http://id.loc.gov/authorities/subjects/sh85093451,Health
Older people,,http://id.loc.gov/authorities/subjects/sh85002087,Health
People with disabilities,,http://id.loc.gov/authorities/subjects/sh85058663,Health
Pests,,http://id.loc.gov/authorities/subjects/sh85100293,Health
Physicians,,http://id.loc.gov/authorities/subjects/sh85101610,Health
Public health,,http://id.loc.gov/authorities/subjects/sh85108638,Health
Public health--Citizenship participation,,https://figgy.princeton.edu/ns/lAESubjects/health/publicHealth--CitizenshipParticipation,Health
Sanitation,,http://id.loc.gov/authorities/subjects/sh85117296,Health
Substance abuse,,http://id.loc.gov/authorities/subjects/sh85129539,Health
Traditional medicine,,http://id.loc.gov/authorities/subjects/sh85083164,Health
Water--Health aspects,,https://figgy.princeton.edu/ns/lAESubjects/health/water--HealthAspects,Health
Women's health,,http://id.loc.gov/authorities/subjects/sh85147301,Health
Archaeology,,http://id.loc.gov/authorities/subjects/sh85006507,History
Archives,,http://id.loc.gov/authorities/subjects/sh85006913,History
Biography,,http://id.loc.gov/authorities/subjects/sh85014152,History
"Emblems, National",[],http://id.loc.gov/authorities/subjects/sh85042694,History
History,,http://id.loc.gov/authorities/subjects/sh85061212,History
Local history,,http://id.loc.gov/authorities/subjects/sh85077932,History
Numismatics,[],http://id.loc.gov/authorities/subjects/sh85093255,History
Philately,[],https://figgy.princeton.edu/ns/lAESubjects/history/philately,History
Press coverage,,https://figgy.princeton.edu/ns/lAESubjects/history/pressCoverage,History
Animal welfare,,https://figgy.princeton.edu/ns/lAESubjects/humanAndCivilRights/animalWelfare,Human and civil rights
Civil rights,[],http://id.loc.gov/authorities/subjects/sh85026371,Human and civil rights
Civil rights--Government policy,,https://figgy.princeton.edu/ns/lAESubjects/humanAndCivilRights/civilRights--GovernmentPolicy,Human and civil rights
Collective memory,,http://id.loc.gov/authorities/subjects/sh2006002444,Human and civil rights
Consumer protection,,http://id.loc.gov/authorities/subjects/sh85031486,Human and civil rights
Disappeared persons,,http://id.loc.gov/authorities/subjects/sh89002409,Human and civil rights
Forced migration,,http://id.loc.gov/authorities/subjects/sh88005789,Human and civil rights
Freedom of expression,,http://id.loc.gov/authorities/subjects/sh2003012251,Human and civil rights
Freedom of the press,,http://id.loc.gov/authorities/subjects/sh85051711,Human and civil rights
Guerrillas--Civil rights,,https://figgy.princeton.edu/ns/lAESubjects/humanAndCivilRights/guerrillas--CivilRights,Human and civil rights
Human rights,,http://id.loc.gov/authorities/subjects/sh85026379,Human and civil rights
Human rights advocacy,,http://id.loc.gov/authorities/subjects/sh94008953,Human and civil rights
Human rights--Government policy,,https://figgy.princeton.edu/ns/lAESubjects/humanAndCivilRights/humanRights--GovernmentPolicy,Human and civil rights
Human rights--Law and legislation,,http://id.loc.gov/authorities/subjects/sh85026379,Human and civil rights
Human trafficking,,http://id.loc.gov/authorities/subjects/sh2006002629,Human and civil rights
Immigrants--Civil rights,,https://figgy.princeton.edu/ns/lAESubjects/humanAndCivilRights/immigrants--CivilRights,Human and civil rights
Indigenous peoples,,https://figgy.princeton.edu/ns/lAESubjects/humanAndCivilRights/indigenousPeoples,Human and civil rights
Indigenous peoples--Civil rights,,http://id.loc.gov/authorities/subjects/sh2001006129,Human and civil rights
Massacres,,http://id.loc.gov/authorities/subjects/sh85081954,Human and civil rights
Minorities--Civil rights,,http://id.loc.gov/authorities/subjects/sh98005421,Human and civil rights
Missing children,,http://id.loc.gov/authorities/subjects/sh85086009,Human and civil rights
Older people--Civil rights,,https://figgy.princeton.edu/ns/lAESubjects/humanAndCivilRights/olderPeople--CivilRights,Human and civil rights
Paramilitaries,,http://id.loc.gov/authorities/subjects/sh85097857,Human and civil rights
People with disabilities--Civil rights,,https://figgy.princeton.edu/ns/lAESubjects/humanAndCivilRights/peopleWithDisabilities--CivilRights,Human and civil rights
Police brutality,,http://id.loc.gov/authorities/subjects/sh95010616,Human and civil rights
Political prisoners,,http://id.loc.gov/authorities/subjects/sh85104422,Human and civil rights
Political violence,,http://id.loc.gov/authorities/subjects/sh95005727,Human and civil rights
Prisons,,http://id.loc.gov/authorities/subjects/sh85106996,Human and civil rights
Refugees--Civil rights,,https://figgy.princeton.edu/ns/lAESubjects/humanAndCivilRights/refugees--CivilRights,Human and civil rights
Sexual minorities,,http://id.loc.gov/authorities/subjects/sh2004003385,Human and civil rights
Slavery,[],http://id.loc.gov/authorities/subjects/sh85123314,Human and civil rights
State-sponsored terrorism,,http://id.loc.gov/authorities/subjects/sh91004326,Human and civil rights
Terrorism,,http://id.loc.gov/authorities/subjects/sh85134112,Human and civil rights
Torture,,http://id.loc.gov/authorities/subjects/sh85136190,Human and civil rights
Truth commissions,,http://id.loc.gov/authorities/subjects/sh2001002255,Human and civil rights
Women's rights,,http://id.loc.gov/authorities/subjects/sh85147765,Human and civil rights
Youth,,https://figgy.princeton.edu/ns/lAESubjects/humanAndCivilRights/youth,Human and civil rights
Youth--Civil rights,,https://figgy.princeton.edu/ns/lAESubjects/humanAndCivilRights/youth--CivilRights,Human and civil rights
Agricultural workers,,http://id.loc.gov/authorities/subjects/sh85002338,Labor
Employee rights,,http://id.loc.gov/authorities/subjects/sh85042873,Labor
Employment,,http://id.loc.gov/authorities/subjects/sh99005236,Labor
Forced labor,,http://id.loc.gov/authorities/subjects/sh85050453,Labor
Industries and industrial policy,,http://id.loc.gov/authorities/subjects/sh85065960,Labor
Labor,,http://id.loc.gov/authorities/subjects/sh90004091,Labor
Labor and globalization,,http://id.loc.gov/authorities/subjects/sh2012000571,Labor
Labor economics,,http://id.loc.gov/authorities/subjects/sh85073687,Labor
Labor laws and legislation,,http://id.loc.gov/authorities/subjects/sh85073691,Labor
Labor market,,http://id.loc.gov/authorities/subjects/sh89000875,Labor
Labor unions,,http://id.loc.gov/authorities/subjects/sh85136516,Labor
Labor unions--Political activity,,http://id.loc.gov/authorities/subjects/sh85136669,Labor
Management,[],http://id.loc.gov/authorities/subjects/sh85080336,Labor
Migrant Labor,,http://id.loc.gov/authorities/subjects/sh85085067,Labor
Migration,,http://id.loc.gov/authorities/subjects/sh85042782,Labor
Occupational training,,http://id.loc.gov/authorities/subjects/sh85093855,Labor
Pensions,,http://id.loc.gov/authorities/subjects/sh85099592,Labor
Retirees,,http://id.loc.gov/authorities/subjects/sh88002484,Labor
Strikes and lockouts,,https://figgy.princeton.edu/ns/lAESubjects/labor/strikesAndLockouts,Labor
Unemployed,,http://id.loc.gov/authorities/subjects/sh85139639,Labor
Wages,,http://id.loc.gov/authorities/subjects/sh85144526,Labor
Work environment,,http://id.loc.gov/authorities/subjects/sh85148146,Labor
Working class,,http://id.loc.gov/authorities/subjects/sh85073639,Labor
Affirmative action,,"https://figgy.princeton.edu/ns/lAESubjects/minorities,EthnicAndRacialGroups/affirmativeAction","Minorities, ethnic and racial groups"
Arabs,,http://id.loc.gov/authorities/subjects/sh85006349,"Minorities, ethnic and racial groups"
Asians,,http://id.loc.gov/authorities/subjects/sh85008657,"Minorities, ethnic and racial groups"
Blacks,,http://id.loc.gov/authorities/subjects/sh85014672,"Minorities, ethnic and racial groups"
Communalism,[],http://id.loc.gov/authorities/subjects/sh87001938,"Minorities, ethnic and racial groups"
Culture,,"https://figgy.princeton.edu/ns/lAESubjects/minorities,EthnicAndRacialGroups/culture","Minorities, ethnic and racial groups"
Dalits,,http://id.loc.gov/authorities/subjects/sh85141203,"Minorities, ethnic and racial groups"
Discrimination,,http://id.loc.gov/authorities/subjects/sh85038376,"Minorities, ethnic and racial groups"
Ethnic groups,,http://id.loc.gov/authorities/subjects/sh85045172,"Minorities, ethnic and racial groups"
Ethnic relations,,http://id.loc.gov/authorities/subjects/sh85045182,"Minorities, ethnic and racial groups"
Ethnicity,,"https://figgy.princeton.edu/ns/lAESubjects/minorities,EthnicAndRacialGroups/ethnicity","Minorities, ethnic and racial groups"
Ethnicity--Political aspects,,http://id.loc.gov/authorities/subjects/sh2008119896,"Minorities, ethnic and racial groups"
Europeans,,http://id.loc.gov/authorities/subjects/sh85045859,"Minorities, ethnic and racial groups"
Europeans--Politics and government,[],"https://figgy.princeton.edu/ns/lAESubjects/minorities,EthnicAndRacialGroups/europeans--PoliticsAndGovernment","Minorities, ethnic and racial groups"
Folklore,,http://id.loc.gov/authorities/subjects/sh85050104,"Minorities, ethnic and racial groups"
Immigrants,,http://id.loc.gov/authorities/subjects/sh85064517,"Minorities, ethnic and racial groups"
Indigenous peoples,,http://id.loc.gov/authorities/subjects/sh85090174,"Minorities, ethnic and racial groups"
"Indigenous peoples--Legal status, laws, etc.",,"https://figgy.princeton.edu/ns/lAESubjects/minorities,EthnicAndRacialGroups/indigenousPeoples--LegalStatus,Laws,Etc.","Minorities, ethnic and racial groups"
Indo-Aryans,[],http://id.loc.gov/authorities/subjects/sh85065700,"Minorities, ethnic and racial groups"
Mestizos,,http://id.loc.gov/authorities/subjects/sh93008230,"Minorities, ethnic and racial groups"
Minorities,,http://id.loc.gov/authorities/subjects/sh85085792,"Minorities, ethnic and racial groups"
"Minorities--Legal status, laws, etc.",,"https://figgy.princeton.edu/ns/lAESubjects/minorities,EthnicAndRacialGroups/minorities--LegalStatus,Laws,Etc.","Minorities, ethnic and racial groups"
Minorities--Political activity,,http://id.loc.gov/authorities/subjects/sh85085807,"Minorities, ethnic and racial groups"
Minorities--Politics and government,,"https://figgy.princeton.edu/ns/lAESubjects/minorities,EthnicAndRacialGroups/minorities--PoliticsAndGovernment","Minorities, ethnic and racial groups"
Minorities--Population,,http://id.loc.gov/authorities/subjects/sh85085808,"Minorities, ethnic and racial groups"
Mulattos,[],"https://figgy.princeton.edu/ns/lAESubjects/minorities,EthnicAndRacialGroups/mulattos","Minorities, ethnic and racial groups"
Racism,,http://id.loc.gov/authorities/subjects/sh85110266,"Minorities, ethnic and racial groups"
Separatist movements,,http://id.loc.gov/authorities/subjects/sh85120098,"Minorities, ethnic and racial groups"
Administrative regulations,,http://id.loc.gov/authorities/subjects/sh85036560,Politics and government
Armed Forces,,http://id.loc.gov/authorities/subjects/sh85007241,Politics and government
Autonomy and independence movements,,http://id.loc.gov/authorities/subjects/sh87004331,Politics and government
Bharatiya Jan Sangh,[],http://id.loc.gov/authorities/names/no00016550,Politics and government
Bharatiya Janata Party (BJP),,http://id.loc.gov/authorities/names/n82127449,Politics and government
Border security,[],https://id.loc.gov/authorities/subjects/sh2006007505.html,Politics and government
"Brezhnev, Leonid Ilʹich, 1906-1982",[],http://id.loc.gov/authorities/names/n79084765,Politics and government
Citizen participation,[],https://figgy.princeton.edu/ns/lAESubjects/politicsAndGovernment/citizenParticipation,Politics and government
Civil society,[],http://id.loc.gov/authorities/subjects/sh90004194,Politics and government
Communism,[],http://id.loc.gov/authorities/subjects/sh85029120,Politics and government
Communist Party of India (Marxist) – CPI(M),,http://id.loc.gov/authorities/names/n50054212,Politics and government
Communist Party of India - Maoist – CPI-Maoist,,http://id.loc.gov/authorities/names/n2006207516,Politics and government
Community organization,,http://id.loc.gov/authorities/subjects/sh85029254,Politics and government
Constitutions,,http://id.loc.gov/authorities/subjects/sh85031336,Politics and government
Courts,,http://id.loc.gov/authorities/subjects/sh85033571,Politics and government
Decentralization in government,,http://id.loc.gov/authorities/subjects/sh85036185,Politics and government
Democracy,,http://id.loc.gov/authorities/subjects/sh85036647,Politics and government
Disaster planning and relief,,http://id.loc.gov/authorities/subjects/sh91000441,Politics and government
Elections,,http://id.loc.gov/authorities/subjects/sh85041557,Politics and government
European Union countries,[],https://id.loc.gov/authorities/subjects/sh94003571.html,Politics and government
Foreign relations,,http://id.loc.gov/authorities/subjects/sh85050519,Politics and government
Government accountability,,http://id.loc.gov/authorities/subjects/sh2007008050,Politics and government
Government policy,,http://id.loc.gov/authorities/subjects/sh85056091,Politics and government
Guerrillas,,http://id.loc.gov/authorities/subjects/sh85057696,Politics and government
Hindu nationalism,,http://id.loc.gov/authorities/subjects/sh2006005183,Politics and government
Imperialism,[],http://id.loc.gov/authorities/subjects/sh85064628,Politics and government
Indian National Congress Party,[],https://figgy.princeton.edu/ns/lAESubjects/politicsAndGovernment/indianNationalCongressParty,Politics and government
International agencies,,http://id.loc.gov/authorities/subjects/sh85067357,Politics and government
International cooperation,,http://id.loc.gov/authorities/subjects/sh85067385,Politics and government
International relations,,http://id.loc.gov/authorities/subjects/sh85067435,Politics and government
Islam and politics,[],http://id.loc.gov/authorities/subjects/sh85068420,Politics and government
Judicial system,[],https://figgy.princeton.edu/ns/lAESubjects/politicsAndGovernment/judicialSystem,Politics and government
Kommunisticheskai︠a︡ partii︠a︡ Sovetskogo Soi︠u︡za,[],http://id.loc.gov/authorities/names/n80126146,Politics and government
Latin America--Relations--United States,,https://figgy.princeton.edu/ns/lAESubjects/politicsAndGovernment/latinAmerica--Relations--UnitedStates,Politics and government
Latin America--Relations--United States; United States--Relations--Latin America,,https://figgy.princeton.edu/ns/lAESubjects/politicsAndGovernment/latinAmerica--Relations--UnitedStates;UnitedStates--Relations--LatinAmerica,Politics and government
Laws,,https://figgy.princeton.edu/ns/lAESubjects/politicsAndGovernment/laws,Politics and government
"Lenin, Vladimir Ilʹich, 1870-1924",[],http://id.loc.gov/authorities/names/n80067085,Politics and government
Local government,,http://id.loc.gov/authorities/subjects/sh85077923,Politics and government
Mass media,[],http://id.loc.gov/authorities/subjects/sh85081863,Politics and government
Mass media--Political aspects,,http://id.loc.gov/authorities/subjects/sh85081871,Politics and government
NGOs,,http://id.loc.gov/authorities/subjects/sh86007360,Politics and government
National security,,http://id.loc.gov/authorities/subjects/sh85090122,Politics and government
Nationalism,,http://id.loc.gov/authorities/subjects/sh85090150,Politics and government
Pan-Americanism,,http://id.loc.gov/authorities/subjects/sh85097311,Politics and government
Paramilitary forces,,http://id.loc.gov/authorities/subjects/sh85097857,Politics and government
Peace agreements,,https://figgy.princeton.edu/ns/lAESubjects/politicsAndGovernment/peaceAgreements,Politics and government
Peace movements,,http://id.loc.gov/authorities/subjects/sh85098950,Politics and government
Peace negotiations,,https://figgy.princeton.edu/ns/lAESubjects/politicsAndGovernment/peaceNegotiations,Politics and government
Police,[],http://id.loc.gov/authorities/subjects/sh85104183,Politics and government
Policy analysis,,https://figgy.princeton.edu/ns/lAESubjects/politicsAndGovernment/policyAnalysis,Politics and government
Political campaigns,,http://id.loc.gov/authorities/subjects/sh85041555,Politics and government
Political corruption,,http://id.loc.gov/authorities/subjects/sh85033057,Politics and government
Political participation,,http://id.loc.gov/authorities/subjects/sh85104370,Politics and government
Political parties,,http://id.loc.gov/authorities/subjects/sh85104371,Politics and government
Politics,,http://id.loc.gov/authorities/subjects/sh2002011436,Politics and government
Politics and government,,http://id.loc.gov/authorities/subjects/sh85104440,Politics and government
Presidents,,http://id.loc.gov/authorities/subjects/sh85106459,Politics and government
Privatization,,http://id.loc.gov/authorities/subjects/sh85107058,Politics and government
Propaganda,[],http://id.loc.gov/authorities/subjects/sh85107443,Politics and government
Protest movements,,http://id.loc.gov/authorities/subjects/sh91005953,Politics and government
Public administration,,http://id.loc.gov/authorities/subjects/sh85108611,Politics and government
Public safety,,http://id.loc.gov/authorities/subjects/sh2008002399,Politics and government
Rashtriya Swayam Sevak Sangh (RSS),[],http://id.loc.gov/authorities/names/n50061921,Politics and government
Revolutionaries,,http://id.loc.gov/authorities/subjects/sh85113502,Politics and government
Revolutions,[],http://id.loc.gov/authorities/subjects/sh85113507,Politics and government
"Self-determination, National",,http://id.loc.gov/authorities/subjects/sh85119735,Politics and government
Social movements,,http://id.loc.gov/authorities/subjects/sh85123979,Politics and government
Socialism,[],http://id.loc.gov/authorities/subjects/sh85124118,Politics and government
South Asian Association of regional Cooperation (SAARC),,http://id.loc.gov/authorities/names/n85338121,Politics and government
"Stalin, Joseph, 1878-1953",[],http://id.loc.gov/authorities/names/n80044789,Politics and government
Students,,https://figgy.princeton.edu/ns/lAESubjects/politicsAndGovernment/students,Politics and government
Students--Political activity,,http://id.loc.gov/authorities/subjects/sh85129306,Politics and government
Tibetan government in exile,,http://id.loc.gov/authorities/names/n89297339,Politics and government
Transportation,,http://id.loc.gov/authorities/subjects/sh85137027,Politics and government
United States--Relations--Latin America,,https://figgy.princeton.edu/ns/lAESubjects/politicsAndGovernment/unitedStates--Relations--LatinAmerica,Politics and government
Viśva Hindū Parishad,[],http://id.loc.gov/authorities/names/n89284696,Politics and government
Voting,,http://id.loc.gov/authorities/subjects/sh85144418,Politics and government
War,,http://id.loc.gov/authorities/subjects/sh85145114,Politics and government
"World War, 1939-1945",[],http://id.loc.gov/authorities/subjects/sh85148273,Politics and government
Afro-Brazilian cults,,http://id.loc.gov/authorities/subjects/sh88007804,Religion
Afro-Caribbean cults,,http://id.loc.gov/authorities/subjects/sh96010511,Religion
Ahmadiyya,[],http://id.loc.gov/authorities/subjects/sh85002528,Religion
Arya-Samaj,[],http://id.loc.gov/authorities/names/n50073154,Religion
Atheism,,http://id.loc.gov/authorities/subjects/sh85009109,Religion
Bahaism,,http://id.loc.gov/authorities/subjects/sh85010990,Religion
Bible,,http://id.loc.gov/authorities/subjects/sh85013576,Religion
Buddhism,,http://id.loc.gov/authorities/subjects/sh85017454,Religion
Catholic Church,,http://id.loc.gov/authorities/subjects/sh85021043,Religion
Christians,,http://id.loc.gov/authorities/subjects/sh85025293,Religion
Church and state,,http://id.loc.gov/authorities/subjects/sh85025534,Religion
Church of England,,https://figgy.princeton.edu/ns/lAESubjects/religion/churchOfEngland,Religion
Conversion,[],http://id.loc.gov/authorities/subjects/sh85031702,Religion
Cults,,http://id.loc.gov/authorities/subjects/sh85034719,Religion
Ecumenical movement,,http://id.loc.gov/authorities/subjects/sh85040933,Religion
Episcopal Church,,http://id.loc.gov/authorities/subjects/sh85044442,Religion
Evangelicalism,,http://id.loc.gov/authorities/subjects/sh85045933,Religion
Freemasonry,[],https://figgy.princeton.edu/ns/lAESubjects/religion/freemasonry,Religion
Hadith,[],http://id.loc.gov/authorities/subjects/sh85058192,Religion
Hinduism,,http://id.loc.gov/authorities/subjects/sh85060932,Religion
Independent churches,,http://id.loc.gov/authorities/subjects/sh85064846,Religion
Indians--Religion,,http://id.loc.gov/authorities/subjects/sh85065067,Religion
Islam,,http://id.loc.gov/authorities/subjects/sh85068390,Religion
Ismailites,,http://id.loc.gov/authorities/subjects/sh85068625,Religion
Jainism,,http://id.loc.gov/authorities/subjects/sh85069282,Religion
Jehovah's Witnesses,,http://id.loc.gov/authorities/subjects/sh85069870,Religion
Judaism,,http://id.loc.gov/authorities/subjects/sh85070835,Religion
Liberation theology,[],http://id.loc.gov/authorities/subjects/sh85076447,Religion
Missionaries,,http://id.loc.gov/authorities/subjects/sh85086017,Religion
Mosques,[],http://id.loc.gov/authorities/subjects/sh85087470,Religion
"Muḥammad, Prophet, -632",[],http://id.loc.gov/authorities/names/n79130881,Religion
Pilgrims and pilgrimages,[],http://id.loc.gov/authorities/subjects/sh85102131,Religion
Protestant churches,,http://id.loc.gov/authorities/subjects/sh85107712,Religion
Qurʼan,[],http://id.loc.gov/authorities/subjects/sh85072953,Religion
Religion,,http://id.loc.gov/authorities/subjects/sh85112549,Religion
Religion and politics,,http://id.loc.gov/authorities/subjects/sh85112577,Religion
Religious architecture,,http://id.loc.gov/authorities/subjects/sh2004000703,Religion
Religious art,,http://id.loc.gov/authorities/subjects/sh85112607,Religion
Religious education,,http://id.loc.gov/authorities/subjects/sh85112630,Religion
Rites and ceremonies,,http://id.loc.gov/authorities/subjects/sh85114211,Religion
Saints,[],http://id.loc.gov/authorities/subjects/sh85116629,Religion
Secularism,[],https://id.loc.gov/authorities/subjects/sh85119460.html,Religion
Sikhism,,http://id.loc.gov/authorities/subjects/sh85122435,Religion
Spiritualism,,http://id.loc.gov/authorities/subjects/sh85126775,Religion
Sufism,,http://id.loc.gov/authorities/subjects/sh85129660,Religion
Temples,[],http://id.loc.gov/authorities/subjects/sh85133743,Religion
Zoroastrianism,,http://id.loc.gov/authorities/subjects/sh85150018,Religion
Astronautics,[],http://id.loc.gov/authorities/subjects/sh85008947,Science and Technology
Biotechnology,,http://id.loc.gov/authorities/subjects/sh85014263,Science and Technology
Energy,[],http://id.loc.gov/authorities/subjects/sh85105992,Science and Technology
Energy Technology,,https://figgy.princeton.edu/ns/lAESubjects/scienceAndTechnology/energyTechnology,Science and Technology
Engineering,,http://id.loc.gov/authorities/subjects/sh85043176,Science and Technology
Geology,,http://id.loc.gov/authorities/subjects/sh85054037,Science and Technology
Industrialization,[],http://id.loc.gov/authorities/subjects/sh85065956,Science and Technology
Information technology,,http://id.loc.gov/authorities/subjects/sh87002293,Science and Technology
Medical technology,,http://id.loc.gov/authorities/subjects/sh85083046,Science and Technology
Military Technology,,https://figgy.princeton.edu/ns/lAESubjects/scienceAndTechnology/militaryTechnology,Science and Technology
Nuclear technology,[],http://id.loc.gov/authorities/subjects/sh85092958,Science and Technology
Science and technology,,https://figgy.princeton.edu/ns/lAESubjects/scienceAndTechnology/scienceAndTechnology,Science and Technology
Community development,,http://id.loc.gov/authorities/subjects/sh85029215,Socioeconomic conditions and development
Crime prevention,,http://id.loc.gov/authorities/subjects/sh85034011,Socioeconomic conditions and development
Demography,,http://id.loc.gov/authorities/subjects/sh85036659,Socioeconomic conditions and development
Drug traffic,,http://id.loc.gov/authorities/subjects/sh88000332,Socioeconomic conditions and development
Economic and social development,,http://id.loc.gov/authorities/subjects/sh88001829,Socioeconomic conditions and development
Economic assistance,,http://id.loc.gov/authorities/subjects/sh85040767,Socioeconomic conditions and development
Economic development projects,,http://id.loc.gov/authorities/subjects/sh85040810,Socioeconomic conditions and development
Economic policy--citizen participation,,https://figgy.princeton.edu/ns/lAESubjects/socioeconomicConditionsAndDevelopment/economicPolicy--citizenParticipation,Socioeconomic conditions and development
Globalization,,http://id.loc.gov/authorities/subjects/sh99010179,Socioeconomic conditions and development
Housing,,http://id.loc.gov/authorities/subjects/sh85062603,Socioeconomic conditions and development
Hydrocarbons,,http://id.loc.gov/authorities/subjects/sh85063372,Socioeconomic conditions and development
Infrastructure (Economics),,http://id.loc.gov/authorities/subjects/sh85066333,Socioeconomic conditions and development
Migration,[],https://figgy.princeton.edu/ns/lAESubjects/socioeconomicConditionsAndDevelopment/migration,Socioeconomic conditions and development
Poverty,,http://id.loc.gov/authorities/subjects/sh85105939,Socioeconomic conditions and development
Power resources,,http://id.loc.gov/authorities/subjects/sh85105992,Socioeconomic conditions and development
Public safety,[],http://id.loc.gov/authorities/subjects/sh2008002399,Socioeconomic conditions and development
Public safety--Social aspects,[],http://id.loc.gov/authorities/subjects/sh2008002399,Socioeconomic conditions and development
Retirement,,http://id.loc.gov/authorities/subjects/sh85113347,Socioeconomic conditions and development
Small business,,http://id.loc.gov/authorities/subjects/sh85123568,Socioeconomic conditions and development
Social conditions,,http://id.loc.gov/authorities/subjects/sh2001008850,Socioeconomic conditions and development
Social justice,,http://id.loc.gov/authorities/subjects/sh85123969,Socioeconomic conditions and development
Social policy,,http://id.loc.gov/authorities/subjects/sh85123985,Socioeconomic conditions and development
Social policy--Citizen participation,[],http://id.loc.gov/authorities/subjects/sh85123985,Socioeconomic conditions and development
Social problems,[],http://id.loc.gov/authorities/subjects/sh85123988,Socioeconomic conditions and development
Technical assistance,,http://id.loc.gov/authorities/subjects/sh85133088,Socioeconomic conditions and development
Violence,,http://id.loc.gov/authorities/subjects/sh85143514,Socioeconomic conditions and development
Caste,,http://id.loc.gov/authorities/subjects/sh85020649,Sociology
Divorce,[],http://id.loc.gov/authorities/subjects/sh85038616,Sociology
Families,,http://id.loc.gov/authorities/subjects/sh85047009,Sociology
Marriage,,http://id.loc.gov/authorities/subjects/sh85081416,Sociology
Societies and clubs,[],http://id.loc.gov/authorities/subjects/sh2001008900,Sociology
Advertising--Tourism,,http://id.loc.gov/authorities/subjects/sh88000359,Tourism
Archaeological sites,,http://id.loc.gov/authorities/subjects/sh2004001339,Tourism
Guidebooks,,http://id.loc.gov/authorities/subjects/sh85057716,Tourism
Hotels and motels,,https://figgy.princeton.edu/ns/lAESubjects/tourism/hotelsAndMotels,Tourism
Monuments,,http://id.loc.gov/authorities/subjects/sh85087089,Tourism
Tourism,,http://id.loc.gov/authorities/subjects/sh85136255,Tourism
Tourism and art,,http://id.loc.gov/authorities/subjects/sh85136266,Tourism
Tourism and gastronomy,,http://id.loc.gov/authorities/subjects/sh2003000021,Tourism
Tourism--Economic aspects,,http://id.loc.gov/authorities/subjects/sh85136255,Tourism
Tourism--Social aspects,,http://id.loc.gov/authorities/subjects/sh2008112808,Tourism
"Tourist camps, hostels, etc.",,"https://figgy.princeton.edu/ns/lAESubjects/tourism/touristCamps,Hostels,Etc.",Tourism
Tourist maps,,http://id.loc.gov/authorities/subjects/sh85080873,Tourism
Building,[],http://id.loc.gov/authorities/subjects/sh85017693,Urban issues
Cities,,https://figgy.princeton.edu/ns/lAESubjects/urbanIssues/cities,Urban issues
City planning,,http://id.loc.gov/authorities/subjects/sh85026282,Urban issues
Crime,,http://id.loc.gov/authorities/subjects/sh85033993,Urban issues
Housing policy,,http://id.loc.gov/authorities/subjects/sh85062639,Urban issues
"Land use, urban",,http://id.loc.gov/authorities/subjects/sh85074353,Urban issues
Public works,,http://id.loc.gov/authorities/subjects/sh85108858,Urban issues
Real estate business,,http://id.loc.gov/authorities/subjects/sh85111712,Urban issues
Squatter settlements,,http://id.loc.gov/authorities/subjects/sh85127101,Urban issues
Urban population,,http://id.loc.gov/authorities/subjects/sh96010384,Urban issues
Urban renewal,,http://id.loc.gov/authorities/subjects/sh85141324,Urban issues
Urban transportation,,http://id.loc.gov/authorities/subjects/sh85141331,Urban issues
Urban violence,,http://id.loc.gov/authorities/subjects/sh2002002042,Urban issues
Urban-rural migration,,http://id.loc.gov/authorities/subjects/sh85141328,Urban issues
Urbanization,,http://id.loc.gov/authorities/subjects/sh85141338,Urban issues
